subject_1_code,subject_1_name,subject_2_code,subject_2_name,similarity_score
97501,Spanish Language and Culture 1,97502,Spanish Language and Culture 2,1.0000000000000002
CBK90494,Chinese Language and Culture,CBK90487,Chinese Language and Culture,1.0000000000000002
CBK90499,German Language and Culture,CBK90492,German Language and Culture,1.0000000000000002
CBK90500,Italian Language and Culture,CBK90493,Italian Language and Culture,1.0000000000000002
CBK90498,Spanish Language and Culture,CBK90491,Spanish Language and Culture,1.0000000000000002
CBK90497,French Language and Culture,CBK90490,French Language and Culture,1.0
CBK90495,Japanese Language and Culture,CBK90488,Japanese Language and Culture,1.0
41001,Cloud Computing and Software as a Service,42904,Cloud Computing and Software as a Service,0.9979051114608117
97401,French Language and Culture 1,97402,French Language and Culture 2,0.9939090935574039
97403,French Language and Culture 3,97404,French Language and Culture 4,0.9936040476066728
97104,Chinese Language and Culture 4,97106,Chinese Language and Culture 6,0.9923742630070822
97401,French Language and Culture 1,97403,French Language and Culture 3,0.9914549100981602
97505,Spanish Language and Culture 5,97506,Spanish Language and Culture 6,0.9912629515336023
97503,Spanish Language and Culture 3,97504,Spanish Language and Culture 4,0.9894478359255975
97104,Chinese Language and Culture 4,97105,Chinese Language and Culture 5,0.9861762330449857
97402,French Language and Culture 2,97403,French Language and Culture 3,0.9854160509986998
97401,French Language and Culture 1,97404,French Language and Culture 4,0.9850066866941856
97202,Japanese Language and Culture 2,97204,Japanese Language and Culture 4,0.9837297059749597
97102,Chinese Language and Culture 2,97105,Chinese Language and Culture 5,0.9832938182292061
97105,Chinese Language and Culture 5,97106,Chinese Language and Culture 6,0.9829573116261946
97405,French Language and Culture 5,97406,French Language and Culture 6,0.9803935378585257
97103,Chinese Language and Culture 3,97105,Chinese Language and Culture 5,0.9796772443755819
97402,French Language and Culture 2,97404,French Language and Culture 4,0.9790071031201991
97803,Italian Language and Culture 3,97804,Italian Language and Culture 4,0.9770542094836416
97802,Italian Language and Culture 2,97803,Italian Language and Culture 3,0.9746929082341275
31256,Image Processing and Pattern Recognition,42177,Image Processing and Pattern Recognition,0.9743964732792011
97404,French Language and Culture 4,97406,French Language and Culture 6,0.9705311789162393
97102,Chinese Language and Culture 2,97104,Chinese Language and Culture 4,0.9695941862742139
97404,French Language and Culture 4,97405,French Language and Culture 5,0.9687064373760861
97102,Chinese Language and Culture 2,97103,Chinese Language and Culture 3,0.9682079399159262
97802,Italian Language and Culture 2,97804,Italian Language and Culture 4,0.9677252777572811
97403,French Language and Culture 3,97406,French Language and Culture 6,0.9671263476010544
97401,French Language and Culture 1,97406,French Language and Culture 6,0.9671263476010544
97102,Chinese Language and Culture 2,97106,Chinese Language and Culture 6,0.9664293893655559
97103,Chinese Language and Culture 3,97104,Chinese Language and Culture 4,0.9660000951484627
97801,Italian Language and Culture 1,97802,Italian Language and Culture 2,0.9653263569467144
97403,French Language and Culture 3,97405,French Language and Culture 5,0.9653080076451812
97401,French Language and Culture 1,97405,French Language and Culture 5,0.9653080076451812
97103,Chinese Language and Culture 3,97106,Chinese Language and Culture 6,0.9628470295070141
31005,Machine Learning,32513,Advanced Data Analytics Algorithms,0.9620452482185755
97402,French Language and Culture 2,97406,French Language and Culture 6,0.9612356714996455
97402,French Language and Culture 2,97405,French Language and Culture 5,0.9594284068823263
97801,Italian Language and Culture 1,97803,Italian Language and Culture 3,0.9560167878006915
97205,Japanese Language and Culture 5,97206,Japanese Language and Culture 6,0.9540537950898633
97801,Italian Language and Culture 1,97804,Italian Language and Culture 4,0.9537440211267839
97602,German Language and Culture 2,97603,German Language and Culture 3,0.952024034946012
99200,Intercultural Communication,99218,Intercultural Communication,0.9489398258962876
97502,Spanish Language and Culture 2,97505,Spanish Language and Culture 5,0.9463643534717224
97501,Spanish Language and Culture 1,97505,Spanish Language and Culture 5,0.9463643534717224
97202,Japanese Language and Culture 2,97206,Japanese Language and Culture 6,0.9448392359234496
97101,Chinese Language and Culture 1,97102,Chinese Language and Culture 2,0.9442412447854616
97502,Spanish Language and Culture 2,97506,Spanish Language and Culture 6,0.9438363649548099
97501,Spanish Language and Culture 1,97506,Spanish Language and Culture 6,0.9438363649548099
97202,Japanese Language and Culture 2,97203,Japanese Language and Culture 3,0.9437063158768499
97204,Japanese Language and Culture 4,97206,Japanese Language and Culture 6,0.9429959236522445
97203,Japanese Language and Culture 3,97205,Japanese Language and Culture 5,0.942944061628334
97203,Japanese Language and Culture 3,97204,Japanese Language and Culture 4,0.9421916760402594
97809,Italian Language and Culture 9,CBK90500,Italian Language and Culture,0.94138663525123
97809,Italian Language and Culture 9,CBK90493,Italian Language and Culture,0.94138663525123
97410,Places and Spaces of the Francophone World,97408,Show and Tell: Francophone Cultures on Display,0.9411161705951637
97201,Japanese Language and Culture 1,97202,Japanese Language and Culture 2,0.9389265997270124
97101,Chinese Language and Culture 1,97105,Chinese Language and Culture 5,0.9385178443963654
97101,Chinese Language and Culture 1,97104,Chinese Language and Culture 4,0.9358371783818901
97201,Japanese Language and Culture 1,97204,Japanese Language and Culture 4,0.9354989559086154
97407,Francophone Identities in Conflict,97408,Show and Tell: Francophone Cultures on Display,0.934953851474712
97407,Francophone Identities in Conflict,97410,Places and Spaces of the Francophone World,0.9331341653375351
97101,Chinese Language and Culture 1,97106,Chinese Language and Culture 6,0.932782565791307
97201,Japanese Language and Culture 1,97203,Japanese Language and Culture 3,0.9283676959276833
97101,Chinese Language and Culture 1,97103,Chinese Language and Culture 3,0.924045723000478
97201,Japanese Language and Culture 1,97206,Japanese Language and Culture 6,0.9207647109887348
97203,Japanese Language and Culture 3,97206,Japanese Language and Culture 6,0.9183140124424632
97114,Developing Chinese Reading and Writing Skills 1,97115,Developing Chinese Reading and Writing Skills 2,0.9132028357328478
97105,Chinese Language and Culture 5,97115,Developing Chinese Reading and Writing Skills 2,0.9047214910573868
97202,Japanese Language and Culture 2,97205,Japanese Language and Culture 5,0.9027346470062919
97201,Japanese Language and Culture 1,97205,Japanese Language and Culture 5,0.9026955456198353
97104,Chinese Language and Culture 4,97115,Developing Chinese Reading and Writing Skills 2,0.9021373567565587
97204,Japanese Language and Culture 4,97205,Japanese Language and Culture 5,0.9007106356081507
97102,Chinese Language and Culture 2,97115,Developing Chinese Reading and Writing Skills 2,0.9003630548716778
97106,Chinese Language and Culture 6,97115,Developing Chinese Reading and Writing Skills 2,0.8991927418256273
41043,Natural Language Processing,42850,Natural Language Processing Algorithms,0.8969001996168914
97409,Francophone Cultures of Consumption,97406,French Language and Culture 6,0.8913909007712925
97103,Chinese Language and Culture 3,97115,Developing Chinese Reading and Writing Skills 2,0.8911318652707261
97409,Francophone Cultures of Consumption,97404,French Language and Culture 4,0.8897228415619257
97409,Francophone Cultures of Consumption,97401,French Language and Culture 1,0.8867133282780247
97409,Francophone Cultures of Consumption,97403,French Language and Culture 3,0.8867133282780247
SMJ09034,International Studies,SMJ09036,Specialist Country Studies,0.8822197500959303
97409,Francophone Cultures of Consumption,97405,French Language and Culture 5,0.8818472746920059
97409,Francophone Cultures of Consumption,97402,French Language and Culture 2,0.8813124403540806
97102,Chinese Language and Culture 2,97114,Developing Chinese Reading and Writing Skills 1,0.8782950265414522
97510,Diaspora of the Hispanic Imagination,97509,Innocence and Experience in Hispanophone Societies,0.8725416138954064
97105,Chinese Language and Culture 5,97114,Developing Chinese Reading and Writing Skills 1,0.871889548805038
40002,Architecting on AWS,42049,Architecting on Amazon Web Services,0.8715827390210712
97101,Chinese Language and Culture 1,97115,Developing Chinese Reading and Writing Skills 2,0.8701502415536297
97104,Chinese Language and Culture 4,97114,Developing Chinese Reading and Writing Skills 1,0.869399191593598
97106,Chinese Language and Culture 6,97114,Developing Chinese Reading and Writing Skills 1,0.8665614354344798
97103,Chinese Language and Culture 3,97114,Developing Chinese Reading and Writing Skills 1,0.8648484175142743
97601,German Language and Culture 1,97604,German Language and Culture 4,0.8619008383356628
97502,Spanish Language and Culture 2,97504,Spanish Language and Culture 4,0.8583855028768548
97501,Spanish Language and Culture 1,97504,Spanish Language and Culture 4,0.8583855028768548
97504,Spanish Language and Culture 4,97505,Spanish Language and Culture 5,0.8577029873789864
97502,Spanish Language and Culture 2,97503,Spanish Language and Culture 3,0.8575906646382376
97501,Spanish Language and Culture 1,97503,Spanish Language and Culture 3,0.8575906646382376
977917,In-country Contemporary Society Study,97901,International Internship,0.8562220337761282
97503,Spanish Language and Culture 3,97505,Spanish Language and Culture 5,0.8515305641019231
97504,Spanish Language and Culture 4,97506,Spanish Language and Culture 6,0.8500529224676767
97503,Spanish Language and Culture 3,97506,Spanish Language and Culture 6,0.8492559016212907
97101,Chinese Language and Culture 1,97114,Developing Chinese Reading and Writing Skills 1,0.8482535023250848
31250,Introduction to Data Analytics,32130,Fundamentals of Data Analytics,0.8434746605044044
97601,German Language and Culture 1,97605,German Today,0.8425225341942616
97601,German Language and Culture 1,97602,German Language and Culture 2,0.8409981897944753
97209,Japanese Media and Current Issues,97210,Transcultural Communication in Japanese,0.838006723385646
97602,German Language and Culture 2,97604,German Language and Culture 4,0.832952829398211
97810,Italian Language and Culture 10,97809,Italian Language and Culture 9,0.8295333155102546
97604,German Language and Culture 4,97605,German Today,0.8210336066639046
97401,French Language and Culture 1,97501,Spanish Language and Culture 1,0.8152676054998288
97401,French Language and Culture 1,97502,Spanish Language and Culture 2,0.8152676054998288
97606,German Literature,97605,German Today,0.814643951922171
97603,German Language and Culture 3,97604,German Language and Culture 4,0.8127965697825129
97602,German Language and Culture 2,97605,German Today,0.8119121463564352
97402,French Language and Culture 2,97502,Spanish Language and Culture 2,0.8103018867890504
97402,French Language and Culture 2,97501,Spanish Language and Culture 1,0.8103018867890504
97403,French Language and Culture 3,97502,Spanish Language and Culture 2,0.8067982824130945
97403,French Language and Culture 3,97501,Spanish Language and Culture 1,0.8067982824130945
97601,German Language and Culture 1,97603,German Language and Culture 3,0.8001183657523621
97607,German Film,97605,German Today,0.7995745615064733
97404,French Language and Culture 4,97501,Spanish Language and Culture 1,0.799331448797561
97404,French Language and Culture 4,97502,Spanish Language and Culture 2,0.799331448797561
97607,German Film,97606,German Literature,0.7982407003707583
97406,French Language and Culture 6,97501,Spanish Language and Culture 1,0.7834944457081396
97406,French Language and Culture 6,97502,Spanish Language and Culture 2,0.7834944457081396
97603,German Language and Culture 3,97605,German Today,0.7823689382045942
97405,French Language and Culture 5,97502,Spanish Language and Culture 2,0.7820213607700957
97405,French Language and Culture 5,97501,Spanish Language and Culture 1,0.7820213607700957
97207,Japanese Films and Popular Culture,97208,Japanese Language and Identity,0.7809228899316881
97810,Italian Language and Culture 10,CBK90493,Italian Language and Culture,0.7809115767169953
97810,Italian Language and Culture 10,CBK90500,Italian Language and Culture,0.7809115767169953
97401,French Language and Culture 1,97601,German Language and Culture 1,0.7798459841870862
97405,French Language and Culture 5,97505,Spanish Language and Culture 5,0.7760933081595865
97402,French Language and Culture 2,97601,German Language and Culture 1,0.7750960152577678
97601,German Language and Culture 1,97502,Spanish Language and Culture 2,0.7729313177326129
97601,German Language and Culture 1,97501,Spanish Language and Culture 1,0.7729313177326129
97403,French Language and Culture 3,97601,German Language and Culture 1,0.7711300455922632
97404,French Language and Culture 4,97505,Spanish Language and Culture 5,0.7685322951000202
97405,French Language and Culture 5,97506,Spanish Language and Culture 6,0.767774379957756
97406,French Language and Culture 6,97505,Spanish Language and Culture 5,0.7666201247942441
97404,French Language and Culture 4,97506,Spanish Language and Culture 6,0.7664793428625838
97401,French Language and Culture 1,97505,Spanish Language and Culture 5,0.7662791097479155
97403,French Language and Culture 3,97505,Spanish Language and Culture 5,0.7662791097479155
97606,German Literature,97608,German Popular Music,0.7658684733768104
97401,French Language and Culture 1,97506,Spanish Language and Culture 6,0.7642321763621786
97403,French Language and Culture 3,97506,Spanish Language and Culture 6,0.7642321763621786
97404,French Language and Culture 4,97601,German Language and Culture 1,0.7630838941422253
97402,French Language and Culture 2,97505,Spanish Language and Culture 5,0.7616117753815252
97402,French Language and Culture 2,97506,Spanish Language and Culture 6,0.7595773096755349
97401,French Language and Culture 1,97801,Italian Language and Culture 1,0.7589379941314944
97406,French Language and Culture 6,97506,Spanish Language and Culture 6,0.758314736857488
97402,French Language and Culture 2,97801,Italian Language and Culture 1,0.7543153738135084
97801,Italian Language and Culture 1,97501,Spanish Language and Culture 1,0.7522087127150929
97801,Italian Language and Culture 1,97502,Spanish Language and Culture 2,0.7522087127150929
97403,French Language and Culture 3,97801,Italian Language and Culture 1,0.7503105381886068
97608,German Popular Music,97605,German Today,0.7484857425017972
97406,French Language and Culture 6,97601,German Language and Culture 1,0.7474197830421874
97405,French Language and Culture 5,97601,German Language and Culture 1,0.7460145237824369
97403,French Language and Culture 3,97201,Japanese Language and Culture 1,0.7446990335237155
97401,French Language and Culture 1,97201,Japanese Language and Culture 1,0.7446990335237155
97404,French Language and Culture 4,97801,Italian Language and Culture 1,0.7422666020133496
97404,French Language and Culture 4,97201,Japanese Language and Culture 1,0.7409139838214432
97402,French Language and Culture 2,97201,Japanese Language and Culture 1,0.7401631413826296
97111,Chinese Festivals and Ceremonies,97105,Chinese Language and Culture 5,0.7396907085353568
97201,Japanese Language and Culture 1,97501,Spanish Language and Culture 1,0.7380960048100997
97201,Japanese Language and Culture 1,97502,Spanish Language and Culture 2,0.7380960048100997
97111,Chinese Festivals and Ceremonies,97104,Chinese Language and Culture 4,0.737577947701417
97111,Chinese Festivals and Ceremonies,97102,Chinese Language and Culture 2,0.7375254081881488
97604,German Language and Culture 4,97606,German Literature,0.7356862875580007
97111,Chinese Festivals and Ceremonies,97106,Chinese Language and Culture 6,0.7351704617224131
97111,Chinese Festivals and Ceremonies,97103,Chinese Language and Culture 3,0.7337171773690592
97601,German Language and Culture 1,97606,German Literature,0.7316371937199575
97102,Chinese Language and Culture 2,97402,French Language and Culture 2,0.7313128729110582
97607,German Film,97601,German Language and Culture 1,0.7311059877095192
41025,Introduction to Software Development,32555,Fundamentals of Software Development,0.730299530995377
97607,German Film,97608,German Popular Music,0.7297091124781089
97406,French Language and Culture 6,97201,Japanese Language and Culture 1,0.7295123718394542
97207,Japanese Films and Popular Culture,97210,Transcultural Communication in Japanese,0.7285956213030328
97405,French Language and Culture 5,97201,Japanese Language and Culture 1,0.7281407811498715
97409,Francophone Cultures of Consumption,97501,Spanish Language and Culture 1,0.7280752179925908
97409,Francophone Cultures of Consumption,97502,Spanish Language and Culture 2,0.7280752179925908
97401,French Language and Culture 1,97802,Italian Language and Culture 2,0.7274343151726358
97403,French Language and Culture 3,97802,Italian Language and Culture 2,0.7274343151726358
97403,French Language and Culture 3,97803,Italian Language and Culture 3,0.7269203908012025
97406,French Language and Culture 6,97801,Italian Language and Culture 1,0.7269007393708267
97607,German Film,97604,German Language and Culture 4,0.7260395505913777
97406,French Language and Culture 6,97804,Italian Language and Culture 4,0.7257306121690955
97404,French Language and Culture 4,97802,Italian Language and Culture 2,0.7256230623131784
97405,French Language and Culture 5,97801,Italian Language and Culture 1,0.7255340589348833
97404,French Language and Culture 4,97803,Italian Language and Culture 3,0.7251104175720398
97105,Chinese Language and Culture 5,97404,French Language and Culture 4,0.7247584185172173
97601,German Language and Culture 1,97505,Spanish Language and Culture 5,0.7245155601495907
97405,French Language and Culture 5,97804,Italian Language and Culture 4,0.724366131744608
97102,Chinese Language and Culture 2,97403,French Language and Culture 3,0.7242471038131644
97102,Chinese Language and Culture 2,97401,French Language and Culture 1,0.7242471038131644
97404,French Language and Culture 4,97804,Italian Language and Culture 4,0.7234706660670838
97106,Chinese Language and Culture 6,97505,Spanish Language and Culture 5,0.723448248743376
97402,French Language and Culture 2,97802,Italian Language and Culture 2,0.7230035808157856
97105,Chinese Language and Culture 5,97403,French Language and Culture 3,0.7227236461787668
97105,Chinese Language and Culture 5,97401,French Language and Culture 1,0.7227236461787668
97104,Chinese Language and Culture 4,97404,French Language and Culture 4,0.7226883084251993
97601,German Language and Culture 1,97506,Spanish Language and Culture 6,0.7225801882078389
97403,French Language and Culture 3,97804,Italian Language and Culture 4,0.7215933071067162
97401,French Language and Culture 1,97804,Italian Language and Culture 4,0.7215933071067162
97106,Chinese Language and Culture 6,97506,Spanish Language and Culture 6,0.7215157278715836
97105,Chinese Language and Culture 5,97405,French Language and Culture 5,0.7210397061425032
97802,Italian Language and Culture 2,97502,Spanish Language and Culture 2,0.7209843676715274
97802,Italian Language and Culture 2,97501,Spanish Language and Culture 1,0.7209843676715274
97602,German Language and Culture 2,97606,German Literature,0.7206665878033757
97104,Chinese Language and Culture 4,97401,French Language and Culture 1,0.7206593479581876
97104,Chinese Language and Culture 4,97403,French Language and Culture 3,0.7206593479581876
97102,Chinese Language and Culture 2,97404,French Language and Culture 4,0.7204312527902627
97106,Chinese Language and Culture 6,97404,French Language and Culture 4,0.7203294228658541
97104,Chinese Language and Culture 4,97405,French Language and Culture 5,0.7189802177194707
97103,Chinese Language and Culture 3,97404,French Language and Culture 4,0.7189054762656891
97401,French Language and Culture 1,97803,Italian Language and Culture 3,0.7183751813404498
97105,Chinese Language and Culture 5,97402,French Language and Culture 2,0.7183216040660391
97106,Chinese Language and Culture 6,97401,French Language and Culture 1,0.7183070850126168
97106,Chinese Language and Culture 6,97403,French Language and Culture 3,0.7183070850126168
97102,Chinese Language and Culture 2,97502,Spanish Language and Culture 2,0.7178254163838101
97102,Chinese Language and Culture 2,97501,Spanish Language and Culture 1,0.7178254163838101
97111,Chinese Festivals and Ceremonies,97115,Developing Chinese Reading and Writing Skills 2,0.7175106136365137
97111,Chinese Festivals and Ceremonies,97101,Chinese Language and Culture 1,0.7172093442147329
97402,French Language and Culture 2,97804,Italian Language and Culture 4,0.7171981497835253
97105,Chinese Language and Culture 5,97406,French Language and Culture 6,0.7170382275020621
97103,Chinese Language and Culture 3,97401,French Language and Culture 1,0.7168871361682273
97103,Chinese Language and Culture 3,97403,French Language and Culture 3,0.7168871361682273
97106,Chinese Language and Culture 6,97405,French Language and Culture 5,0.7166334355268421
97207,Japanese Films and Popular Culture,97209,Japanese Media and Current Issues,0.716542668258108
97105,Chinese Language and Culture 5,97501,Spanish Language and Culture 1,0.7163154668030707
97105,Chinese Language and Culture 5,97502,Spanish Language and Culture 2,0.7163154668030707
97601,German Language and Culture 1,97801,Italian Language and Culture 1,0.7162718175426894
97104,Chinese Language and Culture 4,97402,French Language and Culture 2,0.7162698792927906
97409,Francophone Cultures of Consumption,97506,Spanish Language and Culture 6,0.715922483094798
97109,Communicating About Chinese Media,97112,Language in Chinese Screen Studies,0.7155838629659583
97804,Italian Language and Culture 4,97501,Spanish Language and Culture 1,0.7151951501172645
97804,Italian Language and Culture 4,97502,Spanish Language and Culture 2,0.7151951501172645
97405,French Language and Culture 5,97206,Japanese Language and Culture 6,0.7151807243364454
97406,French Language and Culture 6,97803,Italian Language and Culture 3,0.7150984067802176
97104,Chinese Language and Culture 4,97406,French Language and Culture 6,0.7149901684065195
97104,Chinese Language and Culture 4,97502,Spanish Language and Culture 2,0.7142694721115825
97104,Chinese Language and Culture 4,97501,Spanish Language and Culture 1,0.7142694721115825
97402,French Language and Culture 2,97803,Italian Language and Culture 3,0.7139996253202214
97106,Chinese Language and Culture 6,97402,French Language and Culture 2,0.7139319437607495
97405,French Language and Culture 5,97803,Italian Language and Culture 3,0.7137539164675968
97404,French Language and Culture 4,97206,Japanese Language and Culture 6,0.7129998993774106
97607,German Film,97602,German Language and Culture 2,0.7128401978571167
97106,Chinese Language and Culture 6,97406,French Language and Culture 6,0.7126564099055647
97103,Chinese Language and Culture 3,97402,French Language and Culture 2,0.7125206436919257
97803,Italian Language and Culture 3,97502,Spanish Language and Culture 2,0.7120055585317632
97803,Italian Language and Culture 3,97501,Spanish Language and Culture 1,0.7120055585317632
97106,Chinese Language and Culture 6,97501,Spanish Language and Culture 1,0.7119380659941704
97106,Chinese Language and Culture 6,97502,Spanish Language and Culture 2,0.7119380659941704
97103,Chinese Language and Culture 3,97406,French Language and Culture 6,0.7112476313109987
97401,French Language and Culture 1,97206,Japanese Language and Culture 6,0.7111259046412148
97403,French Language and Culture 3,97206,Japanese Language and Culture 6,0.7111259046412148
97603,German Language and Culture 3,97606,German Literature,0.7108876681323264
97103,Chinese Language and Culture 3,97502,Spanish Language and Culture 2,0.7105307074212454
97103,Chinese Language and Culture 3,97501,Spanish Language and Culture 1,0.7105307074212454
97103,Chinese Language and Culture 3,97405,French Language and Culture 5,0.7099103810233388
97111,Chinese Festivals and Ceremonies,97114,Developing Chinese Reading and Writing Skills 1,0.7097877098730779
97102,Chinese Language and Culture 2,97406,French Language and Culture 6,0.7092875044698501
97601,German Language and Culture 1,97201,Japanese Language and Culture 1,0.7085258974503537
97102,Chinese Language and Culture 2,97405,French Language and Culture 5,0.7079539395093053
97201,Japanese Language and Culture 1,97505,Spanish Language and Culture 5,0.707156910629277
97113,Chinese Culture and Heritage,97104,Chinese Language and Culture 4,0.7069023908858211
97402,French Language and Culture 2,97206,Japanese Language and Culture 6,0.706794503287137
97409,Francophone Cultures of Consumption,97505,Spanish Language and Culture 5,0.7064862467909956
97101,Chinese Language and Culture 1,97401,French Language and Culture 1,0.7060111684925869
97101,Chinese Language and Culture 1,97403,French Language and Culture 3,0.7060111684925869
97113,Chinese Culture and Heritage,97105,Chinese Language and Culture 5,0.7057562076827244
97406,French Language and Culture 6,97802,Italian Language and Culture 2,0.7056851038587381
97105,Chinese Language and Culture 5,97505,Spanish Language and Culture 5,0.7054559260107778
97406,French Language and Culture 6,97206,Japanese Language and Culture 6,0.7054049611520071
97206,Japanese Language and Culture 6,97505,Spanish Language and Culture 5,0.705352427660431
97201,Japanese Language and Culture 1,97506,Spanish Language and Culture 6,0.7052679082136981
97206,Japanese Language and Culture 6,97501,Spanish Language and Culture 1,0.7048205590506297
97206,Japanese Language and Culture 6,97502,Spanish Language and Culture 2,0.7048205590506297
97801,Italian Language and Culture 1,97505,Spanish Language and Culture 5,0.7046253100430437
97405,French Language and Culture 5,97802,Italian Language and Culture 2,0.704358311941846
97105,Chinese Language and Culture 5,97506,Spanish Language and Culture 6,0.7035714673732555
97206,Japanese Language and Culture 6,97506,Spanish Language and Culture 6,0.7034682454942685
97104,Chinese Language and Culture 4,97505,Spanish Language and Culture 5,0.7034409491652575
97801,Italian Language and Culture 1,97506,Spanish Language and Culture 6,0.7027430701996048
97401,French Language and Culture 1,97204,Japanese Language and Culture 4,0.7024620232516384
97403,French Language and Culture 3,97204,Japanese Language and Culture 4,0.7024620232516384
97101,Chinese Language and Culture 1,97404,French Language and Culture 4,0.7023747832108553
97113,Chinese Culture and Heritage,97102,Chinese Language and Culture 2,0.7022196955305021
97101,Chinese Language and Culture 1,97402,French Language and Culture 2,0.7017109205178693
97104,Chinese Language and Culture 4,97506,Spanish Language and Culture 6,0.7015618730617528
97113,Chinese Culture and Heritage,97106,Chinese Language and Culture 6,0.7014433344619547
97804,Italian Language and Culture 4,97505,Spanish Language and Culture 5,0.7001681199428684
97113,Chinese Culture and Heritage,97103,Chinese Language and Culture 3,0.7000567218655397
97101,Chinese Language and Culture 1,97502,Spanish Language and Culture 2,0.6997511737727987
97101,Chinese Language and Culture 1,97501,Spanish Language and Culture 1,0.6997511737727987
97607,German Film,97603,German Language and Culture 3,0.6997091742698018
97102,Chinese Language and Culture 2,97201,Japanese Language and Culture 1,0.69943576441073
97402,French Language and Culture 2,97204,Japanese Language and Culture 4,0.6981833927885368
97403,French Language and Culture 3,97202,Japanese Language and Culture 2,0.6979443173994203
97401,French Language and Culture 1,97202,Japanese Language and Culture 2,0.6979443173994203
97404,French Language and Culture 4,97204,Japanese Language and Culture 4,0.6973148948587332
97105,Chinese Language and Culture 5,97201,Japanese Language and Culture 1,0.6969142512638172
97404,French Language and Culture 4,97202,Japanese Language and Culture 2,0.6962563041798528
97204,Japanese Language and Culture 4,97502,Spanish Language and Culture 2,0.6962334977655685
97204,Japanese Language and Culture 4,97501,Spanish Language and Culture 1,0.6962334977655685
97104,Chinese Language and Culture 4,97201,Japanese Language and Culture 1,0.6949236717990576
97402,French Language and Culture 2,97202,Japanese Language and Culture 2,0.6936932038599977
97507,Human Rights in Hispanophone Societies,97508,US Latin American Relations,0.6932894648099915
97409,Francophone Cultures of Consumption,97601,German Language and Culture 1,0.6928414722404868
97106,Chinese Language and Culture 6,97201,Japanese Language and Culture 1,0.6926554112015854
97804,Italian Language and Culture 4,97506,Spanish Language and Culture 6,0.6919766328411978
97202,Japanese Language and Culture 2,97501,Spanish Language and Culture 1,0.6917558490909725
97202,Japanese Language and Culture 2,97502,Spanish Language and Culture 2,0.6917558490909725
97101,Chinese Language and Culture 1,97406,French Language and Culture 6,0.6915458224103221
97103,Chinese Language and Culture 3,97201,Japanese Language and Culture 1,0.691286170564514
97102,Chinese Language and Culture 2,97601,German Language and Culture 1,0.6912076066137585
97101,Chinese Language and Culture 1,97405,French Language and Culture 5,0.6902456144247522
97803,Italian Language and Culture 3,97505,Spanish Language and Culture 5,0.6898799223205517
97103,Chinese Language and Culture 3,97505,Spanish Language and Culture 5,0.6894518819222512
97105,Chinese Language and Culture 5,97601,German Language and Culture 1,0.6893202642637318
97103,Chinese Language and Culture 3,97506,Spanish Language and Culture 6,0.6876101743029086
97102,Chinese Language and Culture 2,97505,Spanish Language and Culture 5,0.6875518219713374
97104,Chinese Language and Culture 4,97601,German Language and Culture 1,0.6873513753219452
97102,Chinese Language and Culture 2,97506,Spanish Language and Culture 6,0.6857151899127121
97601,German Language and Culture 1,97802,Italian Language and Culture 2,0.685459026234473
97406,French Language and Culture 6,97202,Japanese Language and Culture 2,0.6853223476638779
97106,Chinese Language and Culture 6,97601,German Language and Culture 1,0.6851078310241604
97404,French Language and Culture 4,97504,Spanish Language and Culture 4,0.6842307750532749
97802,Italian Language and Culture 2,97505,Spanish Language and Culture 5,0.684059814727404
97405,French Language and Culture 5,97202,Japanese Language and Culture 2,0.6840338407273218
97103,Chinese Language and Culture 3,97601,German Language and Culture 1,0.6837535104372673
97101,Chinese Language and Culture 1,97201,Japanese Language and Culture 1,0.6837245127446036
97404,French Language and Culture 4,97503,Spanish Language and Culture 3,0.6837086310901578
97405,French Language and Culture 5,97205,Japanese Language and Culture 5,0.6832147016457829
97113,Chinese Culture and Heritage,97101,Chinese Language and Culture 1,0.6829186165736166
97406,French Language and Culture 6,97204,Japanese Language and Culture 4,0.6829029412121165
97801,Italian Language and Culture 1,97201,Japanese Language and Culture 1,0.682468317499107
97802,Italian Language and Culture 2,97506,Spanish Language and Culture 6,0.6822325107401305
97803,Italian Language and Culture 3,97506,Spanish Language and Culture 6,0.6817505209481443
97404,French Language and Culture 4,97205,Japanese Language and Culture 5,0.6817256583873675
97405,French Language and Culture 5,97204,Japanese Language and Culture 4,0.6816189831159798
97806,Italian Popular Culture,97805,Italy and Migration,0.6809108533259913
97105,Chinese Language and Culture 5,97206,Japanese Language and Culture 6,0.679816218614103
97401,French Language and Culture 1,97205,Japanese Language and Culture 5,0.6798017206800345
97403,French Language and Culture 3,97205,Japanese Language and Culture 5,0.6798017206800345
97601,German Language and Culture 1,97804,Italian Language and Culture 4,0.6792302827864254
97405,French Language and Culture 5,97504,Spanish Language and Culture 4,0.6780750159706284
97409,Francophone Cultures of Consumption,97201,Japanese Language and Culture 1,0.6779397614519725
97104,Chinese Language and Culture 4,97206,Japanese Language and Culture 6,0.677874475850012
97604,German Language and Culture 4,97608,German Popular Music,0.6775481647774612
97403,French Language and Culture 3,97504,Spanish Language and Culture 4,0.6766394395297265
97601,German Language and Culture 1,97803,Italian Language and Culture 3,0.6762586964004792
97403,French Language and Culture 3,97503,Spanish Language and Culture 3,0.6761256906595207
97403,French Language and Culture 3,97203,Japanese Language and Culture 3,0.67569513131775
97401,French Language and Culture 1,97203,Japanese Language and Culture 3,0.67569513131775
97106,Chinese Language and Culture 6,97206,Japanese Language and Culture 6,0.6756618645575789
97402,French Language and Culture 2,97205,Japanese Language and Culture 5,0.6756611119998573
41040,Introduction to Artificial Intelligence,42172,Introduction to Artificial Intelligence,0.6747407388588865
97113,Chinese Culture and Heritage,97115,Developing Chinese Reading and Writing Skills 2,0.674559441183027
97406,French Language and Culture 6,97205,Japanese Language and Culture 5,0.67446385615339
97404,French Language and Culture 4,97203,Japanese Language and Culture 3,0.6743542361359843
97409,Francophone Cultures of Consumption,97801,Italian Language and Culture 1,0.6739525841504429
97205,Japanese Language and Culture 5,97501,Spanish Language and Culture 1,0.6737741174750523
97205,Japanese Language and Culture 5,97502,Spanish Language and Culture 2,0.6737741174750523
97601,German Language and Culture 1,97608,German Popular Music,0.6736181072448991
97601,German Language and Culture 1,97206,Japanese Language and Culture 6,0.6733849771803849
97205,Japanese Language and Culture 5,97505,Spanish Language and Culture 5,0.673255736864542
97101,Chinese Language and Culture 1,97601,German Language and Culture 1,0.6721205187083842
97405,French Language and Culture 5,97503,Spanish Language and Culture 3,0.6720314513805614
97402,French Language and Culture 2,97203,Japanese Language and Culture 3,0.6715795354891749
97205,Japanese Language and Culture 5,97506,Spanish Language and Culture 6,0.6714572934156784
SMJ10188,AWS Industry sub-major,SMJ10190,iOS Industry sub-major,0.6713169874515025
97101,Chinese Language and Culture 1,97505,Spanish Language and Culture 5,0.6703538229258283
97208,Japanese Language and Identity,97209,Japanese Media and Current Issues,0.6702273221906724
97203,Japanese Language and Culture 3,97501,Spanish Language and Culture 1,0.6697039400406108
97203,Japanese Language and Culture 3,97502,Spanish Language and Culture 2,0.6697039400406108
97406,French Language and Culture 6,97504,Spanish Language and Culture 4,0.669691508780078
97401,French Language and Culture 1,97504,Spanish Language and Culture 4,0.6693551512727831
97401,French Language and Culture 1,97503,Spanish Language and Culture 3,0.6688524850458741
97101,Chinese Language and Culture 1,97506,Spanish Language and Culture 6,0.6685631312536316
97808,Italian Language and the Arts,97806,Italian Popular Culture,0.6682260293992287
97113,Chinese Culture and Heritage,97114,Developing Chinese Reading and Writing Skills 1,0.6675843596283442
97602,German Language and Culture 2,97608,German Popular Music,0.6672016634366348
97808,Italian Language and the Arts,97807,Italophone Literature(s),0.6667060747384508
97601,German Language and Culture 1,97204,Japanese Language and Culture 4,0.6664609431746158
97105,Chinese Language and Culture 5,97409,Francophone Cultures of Consumption,0.6660481141330835
97402,French Language and Culture 2,97504,Spanish Language and Culture 4,0.6652781716695109
97402,French Language and Culture 2,97503,Spanish Language and Culture 3,0.6647785671355617
97102,Chinese Language and Culture 2,97801,Italian Language and Culture 1,0.6647740809961568
97202,Japanese Language and Culture 2,97505,Spanish Language and Culture 5,0.6643210627630664
97104,Chinese Language and Culture 4,97409,Francophone Cultures of Consumption,0.6641456968756791
97406,French Language and Culture 6,97203,Japanese Language and Culture 3,0.6639388846151381
97103,Chinese Language and Culture 3,97206,Japanese Language and Culture 6,0.6638421836314158
97409,Francophone Cultures of Consumption,97804,Italian Language and Culture 4,0.6637405922701113
97406,French Language and Culture 6,97503,Spanish Language and Culture 3,0.6636512583537242
97105,Chinese Language and Culture 5,97801,Italian Language and Culture 1,0.6627696621047152
97405,French Language and Culture 5,97203,Japanese Language and Culture 3,0.6626905817381169
97202,Japanese Language and Culture 2,97506,Spanish Language and Culture 6,0.6625464861826539
97106,Chinese Language and Culture 6,97409,Francophone Cultures of Consumption,0.6619778969052115
97204,Japanese Language and Culture 4,97505,Spanish Language and Culture 5,0.6619757975447815
97208,Japanese Language and Identity,97210,Transcultural Communication in Japanese,0.6618175689415646
97102,Chinese Language and Culture 2,97206,Japanese Language and Culture 6,0.6616445843239386
97601,German Language and Culture 1,97202,Japanese Language and Culture 2,0.6614899566740438
97104,Chinese Language and Culture 4,97801,Italian Language and Culture 1,0.660876609011226
SMJ10188,AWS Industry sub-major,SMJ10189,Google Industry sub-major,0.6607375818208642
SMJ10189,Google Industry sub-major,SMJ10190,iOS Industry sub-major,0.6607375818208642
97103,Chinese Language and Culture 3,97409,Francophone Cultures of Consumption,0.6606692995527234
97204,Japanese Language and Culture 4,97506,Spanish Language and Culture 6,0.6602074857856489
97804,Italian Language and Culture 4,97201,Japanese Language and Culture 1,0.6594237274380502
97102,Chinese Language and Culture 2,97409,Francophone Cultures of Consumption,0.6587586114007457
97106,Chinese Language and Culture 6,97801,Italian Language and Culture 1,0.6587194794834178
97603,German Language and Culture 3,97608,German Popular Music,0.6581501012790207
97103,Chinese Language and Culture 3,97801,Italian Language and Culture 1,0.6574173233677607
97102,Chinese Language and Culture 2,97202,Japanese Language and Culture 2,0.6569847307073291
976111,Contemporary China,976211,Contemporary Japan,0.6563356190339444
97105,Chinese Language and Culture 5,97202,Japanese Language and Culture 2,0.6563092093598694
97113,Chinese Culture and Heritage,97111,Chinese Festivals and Ceremonies,0.6560176607311107
97102,Chinese Language and Culture 2,97204,Japanese Language and Culture 4,0.6555494428141926
97101,Chinese Language and Culture 1,97801,Italian Language and Culture 1,0.6553980433601262
97409,Francophone Cultures of Consumption,97410,Places and Spaces of the Francophone World,0.6548890777371974
97409,Francophone Cultures of Consumption,97206,Japanese Language and Culture 6,0.6547259119709182
97104,Chinese Language and Culture 4,97202,Japanese Language and Culture 2,0.6544346091026411
97105,Chinese Language and Culture 5,97204,Japanese Language and Culture 4,0.6539735373187363
97105,Chinese Language and Culture 5,97804,Italian Language and Culture 4,0.6537558670847238
97409,Francophone Cultures of Consumption,97803,Italian Language and Culture 3,0.653703842281933
97802,Italian Language and Culture 2,97201,Japanese Language and Culture 1,0.6534453931802117
97803,Italian Language and Culture 3,97201,Japanese Language and Culture 1,0.6529837411712922
97106,Chinese Language and Culture 6,97202,Japanese Language and Culture 2,0.6522985065381596
97104,Chinese Language and Culture 4,97204,Japanese Language and Culture 4,0.6521056083855532
97104,Chinese Language and Culture 4,97804,Italian Language and Culture 4,0.6518885598778105
97103,Chinese Language and Culture 3,97202,Japanese Language and Culture 2,0.6510090433964463
97409,Francophone Cultures of Consumption,97802,Italian Language and Culture 2,0.6508855946744692
97105,Chinese Language and Culture 5,97205,Japanese Language and Culture 5,0.6508159079821727
97801,Italian Language and Culture 1,97206,Japanese Language and Culture 6,0.650374673169122
97106,Chinese Language and Culture 6,97204,Japanese Language and Culture 4,0.6499771077790601
97106,Chinese Language and Culture 6,97804,Italian Language and Culture 4,0.6497607677269331
97102,Chinese Language and Culture 2,97804,Italian Language and Culture 4,0.6490445533713143
97104,Chinese Language and Culture 4,97205,Japanese Language and Culture 5,0.6489569981099468
97103,Chinese Language and Culture 3,97204,Japanese Language and Culture 4,0.6486922335764703
97103,Chinese Language and Culture 3,97804,Italian Language and Culture 4,0.6484763211851782
97804,Italian Language and Culture 4,97206,Japanese Language and Culture 6,0.6477197260071804
97409,Francophone Cultures of Consumption,97408,Show and Tell: Francophone Cultures on Display,0.6472019410118488
97101,Chinese Language and Culture 1,97206,Japanese Language and Culture 6,0.6468585264448529
97106,Chinese Language and Culture 6,97205,Japanese Language and Culture 5,0.6468387747021088
97601,German Language and Culture 1,97205,Japanese Language and Culture 5,0.6450699169658346
97105,Chinese Language and Culture 5,97802,Italian Language and Culture 2,0.6443042769263166
97801,Italian Language and Culture 1,97204,Japanese Language and Culture 4,0.6441164467686088
97105,Chinese Language and Culture 5,97803,Italian Language and Culture 3,0.6438490830158505
97203,Japanese Language and Culture 3,97505,Spanish Language and Culture 5,0.6435928828831647
97101,Chinese Language and Culture 1,97409,Francophone Cultures of Consumption,0.6432079088455617
97102,Chinese Language and Culture 2,97802,Italian Language and Culture 2,0.6431477621699313
97102,Chinese Language and Culture 2,97803,Italian Language and Culture 3,0.6426933853244646
97104,Chinese Language and Culture 4,97802,Italian Language and Culture 2,0.6424639660697352
97409,Francophone Cultures of Consumption,97407,Francophone Identities in Conflict,0.6424424114959739
97101,Chinese Language and Culture 1,97202,Japanese Language and Culture 2,0.6421076247236885
97104,Chinese Language and Culture 4,97803,Italian Language and Culture 3,0.6420100723187206
97203,Japanese Language and Culture 3,97506,Spanish Language and Culture 6,0.6418736767322489
97601,German Language and Culture 1,97203,Japanese Language and Culture 3,0.641468526652194
97101,Chinese Language and Culture 1,97204,Japanese Language and Culture 4,0.6406631654351387
97106,Chinese Language and Culture 6,97802,Italian Language and Culture 2,0.6403669361962852
97205,Japanese Language and Culture 5,97208,Japanese Language and Identity,0.6400643323805915
97106,Chinese Language and Culture 6,97803,Italian Language and Culture 3,0.6399145239738933
97101,Chinese Language and Culture 1,97804,Italian Language and Culture 4,0.6394432403228927
97802,Italian Language and Culture 2,97206,Japanese Language and Culture 6,0.6393727087797613
97103,Chinese Language and Culture 3,97802,Italian Language and Culture 2,0.6391010593728363
97801,Italian Language and Culture 1,97202,Japanese Language and Culture 2,0.6390829414306544
97803,Italian Language and Culture 3,97206,Japanese Language and Culture 6,0.6389209989681425
97103,Chinese Language and Culture 3,97803,Italian Language and Culture 3,0.6386495414785464
97808,Italian Language and the Arts,97805,Italy and Migration,0.6376480841627366
97105,Chinese Language and Culture 5,97203,Japanese Language and Culture 3,0.6368900718223913
97409,Francophone Cultures of Consumption,97202,Japanese Language and Culture 2,0.6361182303322439
97103,Chinese Language and Culture 3,97205,Japanese Language and Culture 5,0.6360988723877519
97102,Chinese Language and Culture 2,97203,Japanese Language and Culture 3,0.6350786296633496
97104,Chinese Language and Culture 4,97203,Japanese Language and Culture 3,0.6350709379820656
97102,Chinese Language and Culture 2,97205,Japanese Language and Culture 5,0.6341570210931101
97409,Francophone Cultures of Consumption,97204,Japanese Language and Culture 4,0.6339563788936344
97101,Chinese Language and Culture 1,97802,Italian Language and Culture 2,0.633691078554698
97101,Chinese Language and Culture 1,97803,Italian Language and Culture 3,0.6332433827525664
97106,Chinese Language and Culture 6,97203,Japanese Language and Culture 3,0.6329980392686072
97101,Chinese Language and Culture 1,97203,Japanese Language and Culture 3,0.6324896429845115
97601,German Language and Culture 1,97504,Spanish Language and Culture 4,0.6320872122965915
97103,Chinese Language and Culture 3,97203,Japanese Language and Culture 3,0.6317467292744356
97601,German Language and Culture 1,97503,Spanish Language and Culture 3,0.6316515583959584
97404,French Language and Culture 4,97604,German Language and Culture 4,0.6306332678328831
97409,Francophone Cultures of Consumption,97504,Spanish Language and Culture 4,0.6298620834141693
97409,Francophone Cultures of Consumption,97503,Spanish Language and Culture 3,0.6293973887998251
97804,Italian Language and Culture 4,97202,Japanese Language and Culture 2,0.6293678410936736
97409,Francophone Cultures of Consumption,97205,Japanese Language and Culture 5,0.6286175093289135
97207,Japanese Films and Popular Culture,97205,Japanese Language and Culture 5,0.6279435991890477
97804,Italian Language and Culture 4,97204,Japanese Language and Culture 4,0.627376885071588
97403,French Language and Culture 3,97604,German Language and Culture 4,0.6265262507425461
97802,Italian Language and Culture 2,97204,Japanese Language and Culture 4,0.626341899263918
97801,Italian Language and Culture 1,97504,Spanish Language and Culture 4,0.6263195343081591
97803,Italian Language and Culture 3,97204,Japanese Language and Culture 4,0.6258993955764134
97802,Italian Language and Culture 2,97202,Japanese Language and Culture 2,0.6248013830098627
97803,Italian Language and Culture 3,97202,Japanese Language and Culture 2,0.6243599676802071
97206,Japanese Language and Culture 6,97208,Japanese Language and Identity,0.6226470477604573
97801,Italian Language and Culture 1,97205,Japanese Language and Culture 5,0.6223522631744741
97404,French Language and Culture 4,97410,Places and Spaces of the Francophone World,0.6223370523053939
97804,Italian Language and Culture 4,97504,Spanish Language and Culture 4,0.6216861321152961
97203,Japanese Language and Culture 3,97208,Japanese Language and Identity,0.6214214237630264
97401,French Language and Culture 1,97410,Places and Spaces of the Francophone World,0.6208631173191361
97403,French Language and Culture 3,97410,Places and Spaces of the Francophone World,0.6208631173191361
97101,Chinese Language and Culture 1,97205,Japanese Language and Culture 5,0.6207790859714654
97801,Italian Language and Culture 1,97503,Spanish Language and Culture 3,0.6202845818612035
97803,Italian Language and Culture 3,97504,Spanish Language and Culture 4,0.6198642176414166
97804,Italian Language and Culture 4,97205,Japanese Language and Culture 5,0.6195901325686876
97201,Japanese Language and Culture 1,97504,Spanish Language and Culture 4,0.619399705153246
97401,French Language and Culture 1,97604,German Language and Culture 4,0.6191047044725708
97801,Italian Language and Culture 1,97203,Japanese Language and Culture 3,0.6189839451389358
97201,Japanese Language and Culture 1,97503,Spanish Language and Culture 3,0.6189472642234781
97406,French Language and Culture 6,97410,Places and Spaces of the Francophone World,0.6188483292122148
97409,Francophone Cultures of Consumption,97203,Japanese Language and Culture 3,0.6187392592820675
97206,Japanese Language and Culture 6,97504,Spanish Language and Culture 4,0.617914787700795
97405,French Language and Culture 5,97410,Places and Spaces of the Francophone World,0.6176848032195424
97206,Japanese Language and Culture 6,97503,Spanish Language and Culture 3,0.6174808294022818
97115,Developing Chinese Reading and Writing Skills 2,97404,French Language and Culture 4,0.6172816133656264
97402,French Language and Culture 2,97410,Places and Spaces of the Francophone World,0.6170814981578866
97207,Japanese Films and Popular Culture,97206,Japanese Language and Culture 6,0.6168101226953759
97404,French Language and Culture 4,97408,Show and Tell: Francophone Cultures on Display,0.6157462739224155
97105,Chinese Language and Culture 5,97504,Spanish Language and Culture 4,0.6154247926139225
97402,French Language and Culture 2,97604,German Language and Culture 4,0.6153337956394579
97105,Chinese Language and Culture 5,97503,Spanish Language and Culture 3,0.6149762583736104
97802,Italian Language and Culture 2,97504,Spanish Language and Culture 4,0.6147296887092758
97401,French Language and Culture 1,97408,Show and Tell: Francophone Cultures on Display,0.6142779986813418
97403,French Language and Culture 3,97408,Show and Tell: Francophone Cultures on Display,0.6142779986813418
97104,Chinese Language and Culture 4,97504,Spanish Language and Culture 4,0.6136669695358898
97604,German Language and Culture 4,97502,Spanish Language and Culture 2,0.6136152839733621
97604,German Language and Culture 4,97501,Spanish Language and Culture 1,0.6136152839733621
97104,Chinese Language and Culture 4,97503,Spanish Language and Culture 3,0.6132197164331726
97406,French Language and Culture 6,97408,Show and Tell: Francophone Cultures on Display,0.6122809697514451
97106,Chinese Language and Culture 6,97504,Spanish Language and Culture 4,0.611663934291222
97106,Chinese Language and Culture 6,97503,Spanish Language and Culture 3,0.6112181410417673
97405,French Language and Culture 5,97408,Show and Tell: Francophone Cultures on Display,0.6111297913616912
97802,Italian Language and Culture 2,97205,Japanese Language and Culture 5,0.6107041908058759
97401,French Language and Culture 1,97602,German Language and Culture 2,0.6106368090807806
97402,French Language and Culture 2,97408,Show and Tell: Francophone Cultures on Display,0.6105364888616285
97803,Italian Language and Culture 3,97205,Japanese Language and Culture 5,0.6102727349880165
97115,Developing Chinese Reading and Writing Skills 2,97403,French Language and Culture 3,0.6102038335711919
97115,Developing Chinese Reading and Writing Skills 2,97401,French Language and Culture 1,0.6102038335711919
97804,Italian Language and Culture 4,97503,Spanish Language and Culture 3,0.610088008151489
97804,Italian Language and Culture 4,97203,Japanese Language and Culture 3,0.6097084106855599
97407,Francophone Identities in Conflict,97404,French Language and Culture 4,0.6096609493470052
97207,Japanese Films and Popular Culture,97203,Japanese Language and Culture 3,0.6096427673307071
97802,Italian Language and Culture 2,97503,Spanish Language and Culture 3,0.6087572585413836
97803,Italian Language and Culture 3,97503,Spanish Language and Culture 3,0.6083271782098322
CBK90494,Chinese Language and Culture,CBK90490,French Language and Culture,0.6082646961944321
CBK90497,French Language and Culture,CBK90487,Chinese Language and Culture,0.6082646961944321
CBK90497,French Language and Culture,CBK90494,Chinese Language and Culture,0.6082646961944321
CBK90494,Chinese Language and Culture,CBK90495,Japanese Language and Culture,0.6082646961944321
CBK90495,Japanese Language and Culture,CBK90487,Chinese Language and Culture,0.6082646961944321
CBK90494,Chinese Language and Culture,CBK90488,Japanese Language and Culture,0.6082646961944321
CBK90487,Chinese Language and Culture,CBK90490,French Language and Culture,0.6082646961944321
CBK90487,Chinese Language and Culture,CBK90488,Japanese Language and Culture,0.6082646961944321
97407,Francophone Identities in Conflict,97403,French Language and Culture 3,0.6082252575031724
97407,Francophone Identities in Conflict,97401,French Language and Culture 1,0.6082252575031724
97406,French Language and Culture 6,97604,German Language and Culture 4,0.6076724368740191
97402,French Language and Culture 2,97602,German Language and Culture 2,0.6069174774062643
97405,French Language and Culture 5,97604,German Language and Culture 4,0.6065299232047437
97115,Developing Chinese Reading and Writing Skills 2,97402,French Language and Culture 2,0.6064871391099967
97407,Francophone Identities in Conflict,97406,French Language and Culture 6,0.6062544642527129
41185,Emerging Topics in Cyber Security and Privacy,41182,System Security,0.6054284701144537
97115,Developing Chinese Reading and Writing Skills 2,97406,French Language and Culture 6,0.6053352081610528
97602,German Language and Culture 2,97501,Spanish Language and Culture 1,0.6052224709355141
97602,German Language and Culture 2,97502,Spanish Language and Culture 2,0.6052224709355141
97407,Francophone Identities in Conflict,97405,French Language and Culture 5,0.6051146165807806
97115,Developing Chinese Reading and Writing Skills 2,97502,Spanish Language and Culture 2,0.6047933344932452
97115,Developing Chinese Reading and Writing Skills 2,97501,Spanish Language and Culture 1,0.6047933344932452
97407,Francophone Identities in Conflict,97402,French Language and Culture 2,0.6045206143636968
97115,Developing Chinese Reading and Writing Skills 2,97405,French Language and Culture 5,0.6041970888259455
97802,Italian Language and Culture 2,97203,Japanese Language and Culture 3,0.6041910322578071
97803,Italian Language and Culture 3,97203,Japanese Language and Culture 3,0.6037641779150814
97403,French Language and Culture 3,97602,German Language and Culture 2,0.6035687874260702
CBK90494,Chinese Language and Culture,CBK90498,Spanish Language and Culture,0.6032416140953001
CBK90494,Chinese Language and Culture,CBK90500,Italian Language and Culture,0.6032416140953001
CBK90487,Chinese Language and Culture,CBK90493,Italian Language and Culture,0.6032416140953001
CBK90498,Spanish Language and Culture,CBK90487,Chinese Language and Culture,0.6032416140953001
CBK90494,Chinese Language and Culture,CBK90493,Italian Language and Culture,0.6032416140953001
CBK90494,Chinese Language and Culture,CBK90491,Spanish Language and Culture,0.6032416140953001
CBK90500,Italian Language and Culture,CBK90487,Chinese Language and Culture,0.6032416140953001
CBK90487,Chinese Language and Culture,CBK90491,Spanish Language and Culture,0.6032416140953001
97404,French Language and Culture 4,97602,German Language and Culture 2,0.6020858250931663
976431,Contemporary Italy,976451,Contemporary Spain,0.6018697120887098
97103,Chinese Language and Culture 3,97504,Spanish Language and Culture 4,0.6013489292075738
97201,Japanese Language and Culture 1,97208,Japanese Language and Identity,0.6012937949573175
97103,Chinese Language and Culture 3,97503,Spanish Language and Culture 3,0.6009178712788715
CBK90494,Chinese Language and Culture,97809,Italian Language and Culture 9,0.6005774166979717
97809,Italian Language and Culture 9,CBK90487,Chinese Language and Culture,0.6005774166979717
